employee_id,employee_name,department,role,site_id
EMP_J4XPWT,Nathaniel Guzman,HR,Staff,SITE_64EZ8G
EMP_WO0SAJ,Tammy Stephens,IT,Supervisor,SITE_64EZ8G
EMP_1H5JFM,Christopher Smith,Finance,Manager,SITE_ZXBM5A
EMP_MJ1BEA,Angelica Boyd,Finance,Staff,SITE_ZXBM5A
EMP_QIBOX8,Kevin Rollins,HR,Manager,SITE_QI2PQF
EMP_2PY4RI,Kaitlyn Cortez,IT,Lead,SITE_QI2PQF
EMP_I8HOYY,Collin Chang,Finance,Manager,SITE_ZXBM5A
EMP_TAKY16,Catherine Ewing,Admin,Lead,SITE_ZXBM5A
EMP_I3FNKW,Colleen Davidson DVM,Admin,Manager,SITE_ZXBM5A
EMP_TO3SJB,Casey Deleon,Ops,Manager,SITE_QI2PQF
EMP_TK3FFT,James Acosta,Ops,Supervisor,SITE_ZXBM5A
EMP_SA0FRO,Sean Shelton,IT,Lead,SITE_ZXBM5A
EMP_EMBJSP,Colin Ward,HR,Lead,SITE_QI2PQF
EMP_AYQU9W,Danielle Boyer,HR,Supervisor,SITE_64EZ8G
EMP_M0KEP2,Mr. Joseph Moore,IT,Manager,SITE_QI2PQF
EMP_0USFB9,Ana Herman,Finance,Lead,SITE_ZXBM5A
EMP_OJNOHK,Dawn Villanueva,HR,Supervisor,SITE_QI2PQF
EMP_GZFUL4,Mark Mccarty,Admin,Supervisor,SITE_ZXBM5A
EMP_96QC4P,Ronald Fuller,HR,Lead,SITE_64EZ8G
EMP_R638MR,Elizabeth Henson,HR,Supervisor,SITE_ZXBM5A
EMP_YRWI0O,Justin Massey,Admin,Manager,SITE_QI2PQF
EMP_8YRTFL,Lauren Livingston,Admin,Supervisor,SITE_64EZ8G
EMP_VRTWU1,Eric Martinez,Finance,Manager,SITE_QI2PQF
EMP_FZE6XL,Randall Johnson,HR,Lead,SITE_64EZ8G
EMP_NFQAOB,Kristine Thompson,Finance,Manager,SITE_64EZ8G
EMP_VIW0NO,Robin Friedman,Ops,Manager,SITE_64EZ8G
EMP_Z6UQS7,Tiffany Benjamin,IT,Supervisor,SITE_QI2PQF
EMP_HV3X23,Aaron Orozco,Admin,Supervisor,SITE_ZXBM5A
EMP_BHA2C3,Eric Hunter,IT,Supervisor,SITE_QI2PQF
EMP_OAHBRA,Julia Curtis,Finance,Staff,SITE_ZXBM5A
EMP_AG1HEE,Kevin Patel,Admin,Supervisor,SITE_ZXBM5A
EMP_7XJH4O,Melissa Turner,Finance,Supervisor,SITE_64EZ8G
EMP_DM0OCN,Brianna Daniel,IT,Lead,SITE_ZXBM5A
EMP_NKQPTQ,Robert Stevens,Admin,Lead,SITE_ZXBM5A
EMP_OQ9BKM,Steven Murray,Finance,Manager,SITE_QI2PQF
EMP_9KSJ8D,Andrea Ward MD,Ops,Lead,SITE_64EZ8G
EMP_UDF2C1,William Jones,Admin,Manager,SITE_ZXBM5A
EMP_3DQDIQ,Sheri Parrish,HR,Lead,SITE_ZXBM5A
EMP_6ES7XU,Kim Clark,IT,Supervisor,SITE_QI2PQF
EMP_EAJCUZ,Wayne Holland,Ops,Supervisor,SITE_QI2PQF
EMP_4MJKEU,Kathryn Finley,Ops,Manager,SITE_64EZ8G
EMP_VSMDF7,Michael Brown,IT,Lead,SITE_QI2PQF
EMP_XEZ4O0,Travis Smith,IT,Supervisor,SITE_QI2PQF
EMP_E41JY9,Alex Leonard,HR,Lead,SITE_ZXBM5A
EMP_D53128,Derek Romero,Ops,Manager,SITE_64EZ8G
EMP_S2U28F,Amanda Williams,HR,Lead,SITE_ZXBM5A
EMP_M6GTJ9,Jenna Rocha,Finance,Staff,SITE_ZXBM5A
EMP_F6YRKT,Dawn Barrera,Admin,Manager,SITE_ZXBM5A
EMP_H3533A,Carrie Wells,Admin,Manager,SITE_ZXBM5A
EMP_DV4VE1,John Macias,HR,Supervisor,SITE_QI2PQF
EMP_A139TA,Susan Mathis,HR,Supervisor,SITE_64EZ8G
EMP_8MRFHG,Tonya Rogers,HR,Staff,SITE_QI2PQF
EMP_Q7YHOB,Kelsey Parker,Finance,Supervisor,SITE_QI2PQF
EMP_SHOVWB,Stephen Rodriguez,Finance,Lead,SITE_64EZ8G
EMP_ATG52U,Joseph Raymond,Admin,Manager,SITE_ZXBM5A
EMP_SJ4W03,Jeffrey George,IT,Supervisor,SITE_ZXBM5A
EMP_1SEFR2,Allison Gillespie,IT,Lead,SITE_64EZ8G
EMP_JBIFS7,Tim Valencia,Finance,Staff,SITE_64EZ8G
EMP_MAKSL0,Vicki Dickson,HR,Supervisor,SITE_64EZ8G
EMP_4J69J6,Michael Soto,Admin,Supervisor,SITE_QI2PQF
EMP_VVMOED,Matthew Avila,Admin,Lead,SITE_64EZ8G
EMP_6HKUM7,Ronald Bond,IT,Lead,SITE_ZXBM5A
EMP_P06KU7,Amy Harvey,HR,Manager,SITE_ZXBM5A
EMP_B2PHED,Lisa Lambert,Finance,Lead,SITE_ZXBM5A
EMP_H47R5B,Anne Pena,HR,Staff,SITE_ZXBM5A
EMP_V67YNR,Richard Hawkins,Admin,Staff,SITE_64EZ8G
EMP_1EL772,John Sanchez,Ops,Supervisor,SITE_ZXBM5A
EMP_EAA5WC,Joanne Thompson,HR,Manager,SITE_ZXBM5A
EMP_SFVR2E,Robert Kent,IT,Lead,SITE_64EZ8G
EMP_DE0QVC,Jennifer Terry,Finance,Supervisor,SITE_ZXBM5A
EMP_4DV7AL,Dorothy Jackson DDS,IT,Manager,SITE_64EZ8G
EMP_JIMLCM,Charles Daugherty,Finance,Manager,SITE_64EZ8G
EMP_WNAQ6S,William Morris,Admin,Manager,SITE_QI2PQF
EMP_EHAHR7,William Richardson,Finance,Staff,SITE_QI2PQF
EMP_4VWVJ9,Tim Lewis,HR,Manager,SITE_QI2PQF
EMP_8REHXV,Alexandra Holmes,IT,Lead,SITE_QI2PQF
EMP_RC8V55,Dustin Boyer,IT,Lead,SITE_ZXBM5A
EMP_BQ8SAX,Carlos Padilla,IT,Staff,SITE_QI2PQF
EMP_YFQVTI,Michael Simmons,IT,Staff,SITE_64EZ8G
EMP_U5P2E8,Robert Williams,Ops,Manager,SITE_QI2PQF
EMP_WYMKJR,Amy Fox,Ops,Manager,SITE_ZXBM5A
EMP_RIC52F,Tyler Ellison,Finance,Lead,SITE_64EZ8G
EMP_FF37FI,Madison Johnson,HR,Manager,SITE_QI2PQF
EMP_A1Z120,Christopher Higgins,IT,Supervisor,SITE_QI2PQF
EMP_MNX989,David Price,Ops,Supervisor,SITE_QI2PQF
EMP_CTECB7,Thomas Mueller,Finance,Supervisor,SITE_64EZ8G
EMP_K0PWM7,Sabrina Murillo,HR,Lead,SITE_64EZ8G
EMP_1BKALD,John Evans,Ops,Staff,SITE_64EZ8G
EMP_OPX92B,Christina Martinez,Ops,Supervisor,SITE_64EZ8G
EMP_YQC3XO,Carlos Hines,IT,Manager,SITE_64EZ8G
EMP_C1TMOL,Angela Pollard,HR,Supervisor,SITE_ZXBM5A
EMP_7OB85B,Christopher Williams,Ops,Supervisor,SITE_ZXBM5A
EMP_J69S2N,Joe Martinez,Ops,Lead,SITE_64EZ8G
EMP_XXPJKA,Joshua Holden,IT,Staff,SITE_ZXBM5A
EMP_V5COS0,Brett Jensen,Admin,Staff,SITE_ZXBM5A
EMP_04N8CP,Judy Silva,IT,Lead,SITE_64EZ8G
EMP_HUR4T9,Jeffrey Hernandez,Admin,Lead,SITE_ZXBM5A
EMP_I1TATP,Steven Cooper,IT,Staff,SITE_ZXBM5A
EMP_HQH9YD,Stephanie Medina,Finance,Supervisor,SITE_ZXBM5A
EMP_K1FNHF,Jaime Evans,HR,Staff,SITE_64EZ8G
EMP_EALO40,Nicole Byrd,Finance,Manager,SITE_QI2PQF
EMP_EGFWCN,Nichole Simpson,IT,Manager,SITE_QI2PQF
EMP_37YF17,Donald Delgado,IT,Lead,SITE_ZXBM5A
EMP_19LGRK,Rebecca Moon,Finance,Supervisor,SITE_QI2PQF
EMP_KRY5XY,Brittany Green,Finance,Staff,SITE_QI2PQF
EMP_FPK7C5,Tracie Burton,Finance,Staff,SITE_64EZ8G
EMP_LKL3LZ,Paul Edwards,Ops,Supervisor,SITE_ZXBM5A
EMP_6ECWPH,Bethany Arnold,Ops,Lead,SITE_QI2PQF
EMP_N789JK,Christina Kelley,Admin,Staff,SITE_ZXBM5A
EMP_8Z4FND,Michael Garner,IT,Lead,SITE_QI2PQF
EMP_1Y1U0A,Karen Ray,IT,Manager,SITE_64EZ8G
EMP_PO08XV,Micheal Mccullough,Ops,Manager,SITE_QI2PQF
EMP_8CR3DH,Miranda Grimes,Ops,Staff,SITE_QI2PQF
EMP_QDJWMA,Patrick Stokes PhD,HR,Supervisor,SITE_ZXBM5A
EMP_W2DKBI,Max Nelson,Admin,Manager,SITE_ZXBM5A
EMP_U1Q4R2,Alexandra Mills,Finance,Supervisor,SITE_64EZ8G
EMP_7CLDL3,Amanda Ross,Admin,Manager,SITE_ZXBM5A
EMP_5OXXDA,David Chavez,Ops,Staff,SITE_64EZ8G
EMP_7L04HI,Robert Nelson,Ops,Manager,SITE_64EZ8G
EMP_LIOLQJ,Candice Madden,IT,Supervisor,SITE_ZXBM5A
EMP_KFQ2AJ,Amanda Morris,Finance,Supervisor,SITE_64EZ8G
EMP_PD2IYP,Grant Carr,Ops,Staff,SITE_64EZ8G
EMP_F2AM6O,Gregory Davis,IT,Lead,SITE_QI2PQF
EMP_APLY81,Matthew Rodriguez,IT,Manager,SITE_ZXBM5A
EMP_FB3CO6,Charles Patterson,IT,Supervisor,SITE_ZXBM5A
EMP_X92PEM,Douglas Sloan,Finance,Staff,SITE_QI2PQF
EMP_GTRHED,Joshua Bentley,Admin,Staff,SITE_64EZ8G
EMP_Y1SWIC,Taylor Dennis,Admin,Supervisor,SITE_64EZ8G
EMP_8N2OJ0,Aaron Hunter,Finance,Supervisor,SITE_QI2PQF
EMP_DMB5QO,Jesus Trevino,IT,Lead,SITE_ZXBM5A
EMP_CR51WK,Joseph Preston,IT,Lead,SITE_ZXBM5A
EMP_SU610L,Amy Stanley,IT,Manager,SITE_ZXBM5A
EMP_3MMYEN,Andrew Bright,Ops,Manager,SITE_ZXBM5A
EMP_7R2IFY,Alexandra Deleon,Ops,Lead,SITE_ZXBM5A
EMP_LFAG4D,Nathan Ochoa,Admin,Supervisor,SITE_QI2PQF
EMP_VUQD1K,Catherine Sanchez,Finance,Manager,SITE_QI2PQF
EMP_TCBTHY,Karen Cooper,Finance,Manager,SITE_64EZ8G
EMP_AUFJTA,Stephanie Hall,Finance,Supervisor,SITE_64EZ8G
EMP_KXZOOB,Joseph Bullock,Finance,Lead,SITE_ZXBM5A
EMP_8WAAVZ,Nancy Webb,Finance,Lead,SITE_QI2PQF
EMP_FNJN6O,Lisa Atkins,IT,Staff,SITE_64EZ8G
EMP_AFD1SX,Alejandro Melendez,Admin,Manager,SITE_QI2PQF
EMP_5GI4XN,David Watson,IT,Staff,SITE_QI2PQF
EMP_3W85I0,Collin Lloyd,HR,Supervisor,SITE_ZXBM5A
EMP_TBOEX6,Bryan Thompson,HR,Staff,SITE_ZXBM5A
EMP_E4RIM6,Derrick Barker,IT,Supervisor,SITE_QI2PQF
EMP_ZP46FH,Lisa Carrillo,Finance,Staff,SITE_64EZ8G
EMP_QDJTXL,Cynthia Smith,Finance,Manager,SITE_64EZ8G
EMP_M4YDUN,Emily Harris,Finance,Manager,SITE_QI2PQF
EMP_B5VVWK,Danielle Griffin,Ops,Manager,SITE_64EZ8G
EMP_0CVLEI,Keith Chambers,Admin,Manager,SITE_QI2PQF
EMP_RQW10M,Bonnie Young,Finance,Lead,SITE_QI2PQF
EMP_RO1U76,Donna Holmes,Ops,Supervisor,SITE_64EZ8G
EMP_D0CUSF,Brian Moreno,Finance,Manager,SITE_64EZ8G
EMP_IS4CE6,Dr. Jenna Morales,IT,Supervisor,SITE_QI2PQF
EMP_9OX3NO,Peter Farrell,IT,Supervisor,SITE_ZXBM5A
EMP_NWJAP2,Angela Park,Finance,Manager,SITE_ZXBM5A
EMP_LTW82A,Timothy Brown,Admin,Manager,SITE_64EZ8G
EMP_V17ZJ4,Jonathan Kelley,Finance,Manager,SITE_ZXBM5A
EMP_1QPYWW,Anthony Stephenson,Finance,Staff,SITE_ZXBM5A
EMP_YW71DJ,Tanya Hunter,Finance,Supervisor,SITE_64EZ8G
EMP_8A4JCV,Dale Martinez,Ops,Manager,SITE_QI2PQF
EMP_FILFCK,Mariah Barnett,IT,Supervisor,SITE_QI2PQF
EMP_68ADE6,Anna Griffin,IT,Supervisor,SITE_QI2PQF
EMP_V9FOZS,Lisa Schmidt,Ops,Lead,SITE_QI2PQF
EMP_JTXGQ7,Brian Adams,IT,Lead,SITE_QI2PQF
EMP_FO82JD,Alexander Warner,Ops,Supervisor,SITE_ZXBM5A
EMP_CX2VHB,Alicia Walker,Ops,Lead,SITE_QI2PQF
EMP_W5G2K6,Jeffrey Medina,Finance,Staff,SITE_ZXBM5A
EMP_P5DS6V,Richard Stone,HR,Manager,SITE_QI2PQF
EMP_IPTGYC,Ronald James,IT,Manager,SITE_QI2PQF
EMP_8Q46F0,Diane Nunez,Finance,Staff,SITE_QI2PQF
EMP_JDTNKZ,Mr. Zachary Ryan,IT,Staff,SITE_QI2PQF
EMP_HBCUC8,Katherine Brown,Ops,Manager,SITE_64EZ8G
EMP_G1UB41,Tiffany Gordon,HR,Manager,SITE_QI2PQF
EMP_98J5CX,Richard Russell,HR,Supervisor,SITE_ZXBM5A
EMP_RMQGC0,Robert Harris,Finance,Staff,SITE_64EZ8G
EMP_Y5Q24K,Miss Isabel Martin,Ops,Lead,SITE_64EZ8G
EMP_GHG6MI,Mark Drake,Admin,Manager,SITE_QI2PQF
EMP_GDDV65,Tiffany Davidson,Finance,Staff,SITE_64EZ8G
EMP_ONNJTC,Benjamin Bullock,IT,Supervisor,SITE_64EZ8G
EMP_RS3SFD,Timothy Adams,IT,Staff,SITE_ZXBM5A
EMP_0L9YAA,Zachary Hobbs,IT,Lead,SITE_ZXBM5A
EMP_XVZL3S,Troy Arnold,IT,Supervisor,SITE_QI2PQF
EMP_51NENX,Jose Miranda,IT,Lead,SITE_QI2PQF
EMP_6TPF9N,Terry Price,IT,Lead,SITE_QI2PQF
EMP_DPMAWN,Kristina Barrett,Ops,Staff,SITE_64EZ8G
EMP_703RML,Christina Bridges,HR,Supervisor,SITE_64EZ8G
EMP_6L5RW7,Michelle Hoffman,HR,Supervisor,SITE_64EZ8G
EMP_56RHQS,Kathryn Holland,Ops,Supervisor,SITE_QI2PQF
EMP_GYTMQJ,Ms. Kristen Murray,Admin,Staff,SITE_QI2PQF
EMP_OHLPTC,Sarah Hartman,HR,Lead,SITE_ZXBM5A
EMP_9HHPS7,Stacy Russell,IT,Staff,SITE_64EZ8G
EMP_R7O4IH,Jerry Miles,Ops,Staff,SITE_64EZ8G
EMP_IONWU4,Crystal Smith,IT,Staff,SITE_ZXBM5A
EMP_8UQI5R,Joshua Smith,IT,Manager,SITE_64EZ8G
EMP_C1XOSC,Joseph Williams,Ops,Manager,SITE_64EZ8G
EMP_T906BJ,James Scott,Admin,Supervisor,SITE_ZXBM5A
EMP_Z1M15K,James Dickerson,IT,Manager,SITE_64EZ8G
EMP_W6PTHC,Shawn Benton,Ops,Manager,SITE_64EZ8G
EMP_6F4TPV,Jacob Lewis,Ops,Staff,SITE_64EZ8G
EMP_KTQN28,William Wagner,HR,Lead,SITE_64EZ8G
EMP_G0CN1U,James Gonzales,Ops,Manager,SITE_64EZ8G
EMP_TUK7T4,Sharon Wood,Ops,Lead,SITE_64EZ8G
EMP_GML15W,Amy Williams,Finance,Staff,SITE_QI2PQF
EMP_XPLT9R,Tiffany Fischer,Admin,Manager,SITE_ZXBM5A
EMP_GARL51,Aaron Taylor,Admin,Supervisor,SITE_QI2PQF
EMP_PY4VRW,Brittney Davis,Finance,Supervisor,SITE_QI2PQF
EMP_LI5QN7,Devin Garcia,Finance,Lead,SITE_64EZ8G
EMP_22G2IJ,Sabrina Garcia,Ops,Manager,SITE_QI2PQF
EMP_NTBRV6,Mrs. Tabitha Young,Ops,Staff,SITE_64EZ8G
EMP_RX3RN9,Jennifer Vaughn,Ops,Manager,SITE_ZXBM5A
EMP_MPYB9H,Thomas Wilson,Admin,Supervisor,SITE_QI2PQF
EMP_HQUERS,Kenneth Anderson,Admin,Manager,SITE_64EZ8G
EMP_9VEC61,Peter Harvey,Admin,Manager,SITE_ZXBM5A
EMP_L9T2EE,Monica Brown,Ops,Lead,SITE_ZXBM5A
EMP_C6HMF3,Harry Gonzalez,Admin,Manager,SITE_64EZ8G
EMP_453VOA,Nicole Sanford,HR,Lead,SITE_64EZ8G
EMP_55WM1F,Mary Burns,Finance,Staff,SITE_QI2PQF
EMP_30NC3Q,Margaret Rojas,Finance,Staff,SITE_ZXBM5A
EMP_DTWBA4,Leah Hall,Ops,Manager,SITE_ZXBM5A
EMP_X54APC,Anne Jimenez,Ops,Manager,SITE_ZXBM5A
EMP_7O37GV,Mrs. Rachel Sparks,HR,Manager,SITE_ZXBM5A
EMP_VVVU9L,James Johnson,Admin,Lead,SITE_QI2PQF
EMP_ZCNJIX,Elizabeth Odonnell,IT,Staff,SITE_ZXBM5A
EMP_BF1JVR,Troy Brown,Admin,Staff,SITE_64EZ8G
EMP_62HKQJ,Lisa Black,HR,Lead,SITE_QI2PQF
EMP_G7ZOHC,Jamie Miranda,Finance,Staff,SITE_QI2PQF
EMP_DDE9VB,Thomas Morales,HR,Supervisor,SITE_QI2PQF
EMP_T7GTYC,Benjamin Newton,Ops,Supervisor,SITE_QI2PQF
EMP_OTRP67,James Mason,Admin,Lead,SITE_64EZ8G
EMP_6UM4NM,Sean Butler,Finance,Manager,SITE_64EZ8G
EMP_XJO0VV,Victor Henry,IT,Lead,SITE_64EZ8G
EMP_FPCZWD,Sandra Lewis MD,Finance,Staff,SITE_ZXBM5A
EMP_716UO9,Kathy Johnson,Admin,Lead,SITE_ZXBM5A
EMP_84T5O5,Maria Graham,Finance,Lead,SITE_ZXBM5A
EMP_FQ1J7Q,Timothy Sanders,Admin,Lead,SITE_ZXBM5A
EMP_N2RJ5G,Margaret Rivera,Finance,Manager,SITE_QI2PQF
EMP_YQYYD5,Michele Gomez,HR,Supervisor,SITE_ZXBM5A
EMP_OO7ASM,Joel Bowman,Ops,Manager,SITE_64EZ8G
EMP_UF6F9A,Shannon Saunders,Finance,Supervisor,SITE_64EZ8G
EMP_8RTVUX,Christina Rosales,Admin,Manager,SITE_ZXBM5A
EMP_8W4GGR,Debbie Hardin,Ops,Staff,SITE_QI2PQF
EMP_C3AKVR,John Potts,IT,Staff,SITE_64EZ8G
EMP_M46C5K,Christie Garza,HR,Lead,SITE_ZXBM5A
EMP_YUPFQM,Laura Lang,Finance,Staff,SITE_QI2PQF
EMP_6E5SCM,Susan Hansen,HR,Manager,SITE_64EZ8G
EMP_UM6BR3,Dr. Tiffany Sanchez DDS,Admin,Staff,SITE_ZXBM5A
EMP_A4I19M,Alicia Escobar,Admin,Staff,SITE_QI2PQF
EMP_OU67UG,Kelly Summers,Finance,Lead,SITE_QI2PQF
EMP_2ZDAA9,Kevin Smith,Ops,Supervisor,SITE_ZXBM5A
EMP_N63NID,Edward Smith,Admin,Supervisor,SITE_64EZ8G
EMP_7YE8EP,Edward Stevenson,HR,Staff,SITE_64EZ8G
EMP_JM05AZ,Mrs. Jennifer Smith,Ops,Lead,SITE_64EZ8G
EMP_CIFMRI,Tammy Guerrero,HR,Supervisor,SITE_QI2PQF
EMP_KLZ4TX,Elizabeth Green,Admin,Supervisor,SITE_QI2PQF
EMP_92TGAY,Daniel Gonzalez,IT,Manager,SITE_64EZ8G
EMP_FU5UJM,Rebecca Olson,HR,Supervisor,SITE_64EZ8G
EMP_50WENQ,Shane Snyder,Finance,Manager,SITE_64EZ8G
EMP_1VRGV0,Michelle Duke,Admin,Staff,SITE_QI2PQF
EMP_5V4FO9,Michelle Barry,HR,Staff,SITE_ZXBM5A
EMP_YSVB84,Robert Clay,Ops,Staff,SITE_64EZ8G
EMP_68MGEV,Paula Thompson,Finance,Staff,SITE_64EZ8G
EMP_0NW0K5,Deborah Rangel,HR,Staff,SITE_QI2PQF
EMP_TPH3DF,Adam Gill,Ops,Manager,SITE_ZXBM5A
EMP_ZIOBDA,Victor Cook,HR,Manager,SITE_64EZ8G
EMP_YYFWOZ,Aaron Stewart,HR,Lead,SITE_ZXBM5A
EMP_PCQT90,Brian Garza,Ops,Supervisor,SITE_QI2PQF
EMP_DV2YQ5,Duane Elliott,Admin,Manager,SITE_QI2PQF
EMP_YQ7PK6,Mrs. Diane Miller,IT,Supervisor,SITE_QI2PQF
EMP_EB8Y9G,Eduardo Tran,Ops,Manager,SITE_QI2PQF
EMP_0DWS1G,Donna Garza,Finance,Staff,SITE_ZXBM5A
EMP_M3Z7FE,Douglas Martin,HR,Lead,SITE_ZXBM5A
EMP_ZEWYF6,Dr. Angel Green,Ops,Supervisor,SITE_64EZ8G
EMP_HFZG0A,Jason Simpson,Finance,Supervisor,SITE_ZXBM5A
EMP_KR0X2S,Erin Rodgers,Ops,Lead,SITE_64EZ8G
EMP_7Y6AOB,Robin Miller,Ops,Supervisor,SITE_QI2PQF
EMP_4QKOGL,Karina Dalton,HR,Supervisor,SITE_64EZ8G
EMP_KGPFSL,Stephanie Lawrence,Finance,Staff,SITE_64EZ8G
EMP_M85GOW,Amanda Leon,IT,Manager,SITE_QI2PQF
EMP_M74IGC,Brenda Bradford,Finance,Staff,SITE_64EZ8G
EMP_I81VMM,Benjamin Mcbride,Finance,Manager,SITE_ZXBM5A
EMP_37X6GD,Austin Castro,Finance,Staff,SITE_64EZ8G
EMP_6HYT5W,Laurie Miller,Finance,Manager,SITE_64EZ8G
EMP_ZYU2PX,John Ritter,Ops,Supervisor,SITE_ZXBM5A
EMP_0G5A50,Christopher Adams,Ops,Lead,SITE_ZXBM5A
EMP_HNVUGL,Christian Martinez,HR,Supervisor,SITE_QI2PQF
EMP_9XE79G,Bradley Carson,Admin,Supervisor,SITE_ZXBM5A
EMP_5XU7TY,Nathaniel Washington,Admin,Staff,SITE_64EZ8G
EMP_CACJS0,Jacob Jimenez,Finance,Lead,SITE_ZXBM5A
EMP_MLBDG6,Susan Davis,Admin,Lead,SITE_ZXBM5A
EMP_19NODS,Makayla Tapia,IT,Supervisor,SITE_64EZ8G
EMP_L28C4A,Stephanie Clements,IT,Lead,SITE_64EZ8G
EMP_FIUBAZ,Daniel Lee,Ops,Manager,SITE_64EZ8G
EMP_RJ5L0H,Ashley Sparks,Admin,Lead,SITE_64EZ8G
EMP_OIMSAV,Debra Mitchell,IT,Staff,SITE_64EZ8G
EMP_1HC3HQ,Greg Rodriguez,HR,Supervisor,SITE_ZXBM5A
EMP_HJ1DC7,Steven Cooper,Admin,Staff,SITE_ZXBM5A
EMP_APHQCJ,Sarah Gilmore,Admin,Manager,SITE_QI2PQF
EMP_OHBTGW,James Gallegos,IT,Manager,SITE_QI2PQF
EMP_IYBYKD,Stephanie Steele,Finance,Supervisor,SITE_ZXBM5A
EMP_3CJBXR,Diane Hill,IT,Staff,SITE_QI2PQF
EMP_77Z8Q6,Allison Kemp,Ops,Lead,SITE_64EZ8G
EMP_NTBURN,Kellie Chandler,Admin,Staff,SITE_ZXBM5A
EMP_8GRINV,Victor Allen,Admin,Supervisor,SITE_QI2PQF
EMP_EK7JDO,Robert Lopez,Ops,Staff,SITE_64EZ8G
EMP_HF02EV,Danielle Pope DVM,IT,Manager,SITE_QI2PQF
EMP_80M5NA,Stephanie Rogers,Finance,Staff,SITE_ZXBM5A
EMP_KPL97M,Melissa Cole,IT,Supervisor,SITE_ZXBM5A
EMP_Z3XX5C,Chris Silva,IT,Staff,SITE_QI2PQF
EMP_XUA4T3,Debbie Cervantes,Ops,Staff,SITE_ZXBM5A
EMP_CMA19I,Brittany Walker,HR,Lead,SITE_ZXBM5A
EMP_UC899D,Eric Hayes,Finance,Supervisor,SITE_64EZ8G
EMP_TA4OOE,Erin Jones,Admin,Supervisor,SITE_ZXBM5A
EMP_XWF10Z,Paul Pratt Jr.,IT,Manager,SITE_64EZ8G
EMP_7JKFFO,Karen Perez,Finance,Staff,SITE_ZXBM5A
EMP_ODW1IZ,Manuel Mueller,Ops,Staff,SITE_ZXBM5A
EMP_CJ8V7H,Katherine Preston,IT,Manager,SITE_ZXBM5A
EMP_L9WV5Q,David Andrade,Ops,Manager,SITE_ZXBM5A
EMP_8LKXBP,Megan Lewis,IT,Supervisor,SITE_ZXBM5A
EMP_MM4M37,David Henry,Ops,Staff,SITE_64EZ8G
EMP_QMR8B4,Dawn Reyes,Admin,Staff,SITE_64EZ8G
EMP_HQ2SJ1,April Chambers,HR,Supervisor,SITE_QI2PQF
EMP_0ZQKAC,Rachel Rogers,Ops,Staff,SITE_64EZ8G
EMP_F4SJXB,Monica Fields,HR,Manager,SITE_QI2PQF
EMP_7B5PNY,Douglas Cline,Admin,Staff,SITE_QI2PQF
EMP_HZ3GLV,Angela Berger,Ops,Manager,SITE_ZXBM5A
EMP_NGEMGE,Sierra Chambers,IT,Lead,SITE_64EZ8G
EMP_XQTSSB,Leslie Parsons,Finance,Staff,SITE_ZXBM5A
EMP_TEM0UW,Keith Smith,Ops,Staff,SITE_QI2PQF
EMP_6JC3GG,Michael Cordova,Admin,Supervisor,SITE_QI2PQF
EMP_DIEQOI,Melissa Graves,Finance,Staff,SITE_ZXBM5A
EMP_L0XJ6A,Elizabeth Kim,IT,Staff,SITE_64EZ8G
EMP_U4BDOL,Kenneth Matthews,Ops,Manager,SITE_ZXBM5A
EMP_M3NN2D,Jonathan Carter,HR,Supervisor,SITE_QI2PQF
EMP_X50CSF,Andrea Merritt,Finance,Supervisor,SITE_ZXBM5A
EMP_QMM3IX,Kimberly West,Finance,Staff,SITE_ZXBM5A
EMP_8LU501,Larry Sanchez,Ops,Lead,SITE_ZXBM5A
EMP_IM3ZVP,Brian Casey,IT,Manager,SITE_QI2PQF
EMP_VKZDZL,Kyle Hodge,Finance,Supervisor,SITE_QI2PQF
EMP_K6RAD9,Lindsay Green,Admin,Manager,SITE_ZXBM5A
EMP_0X35U5,Brenda Freeman,Ops,Supervisor,SITE_ZXBM5A
EMP_BZFBAZ,Matthew Hutchinson,Admin,Manager,SITE_QI2PQF
EMP_564TP1,Sandra Miller,IT,Manager,SITE_64EZ8G
EMP_UGDJGT,Stephanie Adams,Admin,Staff,SITE_ZXBM5A
EMP_OMCR7R,Jacqueline Thompson,HR,Supervisor,SITE_ZXBM5A
EMP_M2C5KD,Jonathan Horn,HR,Manager,SITE_QI2PQF
EMP_U4XRUF,Brian Lang,Ops,Lead,SITE_64EZ8G
EMP_GN68IK,Elizabeth Lee,IT,Manager,SITE_64EZ8G
EMP_WYB1AC,Jason Fuller,HR,Manager,SITE_ZXBM5A
EMP_FM4KU0,Robert Shelton,Finance,Manager,SITE_QI2PQF
EMP_376HX0,Jennifer Curtis,HR,Supervisor,SITE_QI2PQF
EMP_XKS0F0,Alison Shepherd,IT,Manager,SITE_64EZ8G
EMP_3S4ZIA,Ryan Frey,Ops,Staff,SITE_64EZ8G
EMP_ZNS8CZ,Erik Taylor,IT,Manager,SITE_ZXBM5A
EMP_E0PMS0,Madison Miller,HR,Manager,SITE_ZXBM5A
EMP_KDJLB1,Stephanie Johnson,Finance,Lead,SITE_ZXBM5A
EMP_6KWGJM,Jamie Carr,Finance,Staff,SITE_QI2PQF
EMP_0GN3R4,Derrick Carson,Admin,Manager,SITE_ZXBM5A
EMP_JK9DLU,Jill Peterson,Ops,Supervisor,SITE_QI2PQF
EMP_2O497U,Kevin Wilson,Finance,Staff,SITE_ZXBM5A
EMP_VGY3LD,Joe Rosales,Ops,Manager,SITE_QI2PQF
EMP_H1LQX1,Donald Munoz DDS,Ops,Staff,SITE_ZXBM5A
EMP_GPJUOW,Jason Frazier,Ops,Staff,SITE_ZXBM5A
EMP_GUM6OW,Martha Johnson,Finance,Supervisor,SITE_QI2PQF
EMP_VFYMZP,Jessica Johnson,Admin,Lead,SITE_ZXBM5A
EMP_NNT21D,Amanda Pierce,IT,Manager,SITE_ZXBM5A
EMP_Y6ECPM,Teresa Barnes,HR,Staff,SITE_ZXBM5A
EMP_LE6FIX,Justin Patterson,Ops,Staff,SITE_64EZ8G
EMP_9GEUSS,Michael Ross,IT,Lead,SITE_64EZ8G
EMP_DO5RPC,Sarah Bradshaw,HR,Manager,SITE_QI2PQF
EMP_HCFLZW,Karen Gilmore,IT,Lead,SITE_QI2PQF
EMP_F33G87,Jennifer Pope,Ops,Manager,SITE_QI2PQF
EMP_HD5JWD,Nathan Austin,Admin,Staff,SITE_ZXBM5A
EMP_ECLDBC,Amanda Mccann,Ops,Manager,SITE_QI2PQF
EMP_TURG2Q,Amber Mason,Admin,Supervisor,SITE_QI2PQF
EMP_UIF95Y,Brianna Moody,Admin,Lead,SITE_64EZ8G
EMP_962EPV,David Freeman,Admin,Manager,SITE_64EZ8G
EMP_8KQ70I,John Swanson,Admin,Staff,SITE_QI2PQF
EMP_RIAQSA,Kevin Good,Ops,Lead,SITE_QI2PQF
EMP_NPRND6,James Thomas,Finance,Manager,SITE_ZXBM5A
EMP_4U3YLS,Sarah Smith,IT,Supervisor,SITE_ZXBM5A
EMP_6JGHVK,Alison Conrad,Admin,Manager,SITE_64EZ8G
EMP_G7EBQL,Barbara Mora,Finance,Supervisor,SITE_QI2PQF
EMP_W9GHMO,Daniel Barnes,Ops,Manager,SITE_64EZ8G
EMP_QMLELT,Marissa Taylor,Admin,Lead,SITE_ZXBM5A
EMP_MMEUSH,Mr. Michael Barber MD,Admin,Staff,SITE_ZXBM5A
EMP_LT4OCP,Jason Rose,Admin,Manager,SITE_QI2PQF
EMP_K6YWEF,Michael Hunter,IT,Lead,SITE_ZXBM5A
EMP_K0GLCP,Jeremy James,HR,Manager,SITE_64EZ8G
EMP_D9DMGQ,Joshua Ayers,IT,Manager,SITE_ZXBM5A
EMP_4ZRQTM,Brandon Harris,Ops,Manager,SITE_64EZ8G
EMP_DWFC3L,Susan Harvey,Finance,Supervisor,SITE_ZXBM5A
EMP_B6HBK5,Anna Hernandez,Ops,Manager,SITE_ZXBM5A
EMP_CN4EJA,Sheri Sanchez,IT,Supervisor,SITE_64EZ8G
EMP_D5VQF8,Timothy Sexton,IT,Manager,SITE_64EZ8G
EMP_B0TVAL,Jonathan May,Finance,Staff,SITE_64EZ8G
EMP_CVRPGN,Julie Graves,Ops,Supervisor,SITE_ZXBM5A
EMP_FMR4W8,Todd Dean,Finance,Staff,SITE_QI2PQF
EMP_H2GRHB,Carla Delacruz,Admin,Staff,SITE_64EZ8G
EMP_J83FHU,Jennifer Mack,HR,Staff,SITE_QI2PQF
EMP_Z261IL,Luis Williams,Admin,Manager,SITE_64EZ8G
EMP_8YW92V,Ethan Tucker,HR,Manager,SITE_64EZ8G
EMP_0UOL5P,Michael Mack,Finance,Manager,SITE_64EZ8G
EMP_4OG6WE,Christina Quinn,HR,Supervisor,SITE_ZXBM5A
EMP_LUO08X,Chris Perkins,Admin,Lead,SITE_ZXBM5A
EMP_9TUZYK,Karen Johnson,IT,Manager,SITE_ZXBM5A
EMP_48HNKW,Stephanie King,Finance,Supervisor,SITE_64EZ8G
EMP_84SZO7,Julie Austin,Finance,Lead,SITE_ZXBM5A
EMP_K3I808,Terri Whitaker,Admin,Supervisor,SITE_QI2PQF
EMP_Z3B3P4,Joseph Moore,Ops,Lead,SITE_QI2PQF
EMP_FE33EV,Anthony Clark,HR,Lead,SITE_ZXBM5A
EMP_VV2Y4C,Thomas Berry,Ops,Manager,SITE_ZXBM5A
EMP_KMMIPM,Claire Ray,Finance,Staff,SITE_QI2PQF
EMP_3IY63B,Amanda Phillips,Finance,Supervisor,SITE_QI2PQF
EMP_QPXAU5,Lisa Wood,Ops,Lead,SITE_ZXBM5A
EMP_42A3RB,Erin Elliott,Finance,Lead,SITE_64EZ8G
EMP_6ER8WH,Tara Graham,HR,Staff,SITE_QI2PQF
EMP_6H8OGV,Angel Williams,HR,Supervisor,SITE_ZXBM5A
EMP_XEJOS2,Raymond Smith,Finance,Supervisor,SITE_QI2PQF
EMP_PUUVKE,Billy Johnson,Admin,Lead,SITE_64EZ8G
EMP_FVZBP9,Stephanie Jackson,IT,Staff,SITE_64EZ8G
EMP_ZGSDY1,Lauren Smith,Admin,Manager,SITE_64EZ8G
EMP_WYG2CM,Matthew Grimes,Admin,Supervisor,SITE_QI2PQF
EMP_3J4BKR,John Barnes,IT,Staff,SITE_QI2PQF
EMP_WKDRB1,Ryan Woods,Ops,Manager,SITE_ZXBM5A
EMP_6CZHIC,Alex Alvarado,Ops,Lead,SITE_64EZ8G
EMP_HAB06R,Ruben Smith,IT,Supervisor,SITE_ZXBM5A
EMP_3K26HH,Matthew Johnson,Admin,Supervisor,SITE_QI2PQF
EMP_9FVSS5,Steven Duncan,Admin,Supervisor,SITE_ZXBM5A
EMP_FEKMAD,Allison Walker,HR,Staff,SITE_ZXBM5A
EMP_7DKJQS,Chris Williams,Ops,Supervisor,SITE_64EZ8G
EMP_HMFDQV,Lisa Scott,Ops,Supervisor,SITE_64EZ8G
EMP_YPKEKH,Gregory Young,Admin,Supervisor,SITE_64EZ8G
EMP_PS3D5P,Kathleen Morrison,Admin,Supervisor,SITE_ZXBM5A
EMP_06P6XV,Sarah Olson,Admin,Lead,SITE_ZXBM5A
EMP_2QKYJV,Vanessa Dominguez,IT,Manager,SITE_QI2PQF
EMP_NXEOYG,Steven Lopez,Ops,Manager,SITE_64EZ8G
EMP_HIJP1A,Anthony Elliott,HR,Staff,SITE_ZXBM5A
EMP_3T0SSP,Brandon Williamson,HR,Lead,SITE_64EZ8G
EMP_SZZF6R,Becky Wilson,Finance,Supervisor,SITE_64EZ8G
EMP_LAR3PO,Jordan Wilson,HR,Supervisor,SITE_64EZ8G
EMP_FNTB15,Jacqueline Lewis,IT,Staff,SITE_QI2PQF
EMP_ZD7CNI,Patrick Fisher,Ops,Staff,SITE_QI2PQF
EMP_OQN61S,David Garcia,Ops,Lead,SITE_64EZ8G
EMP_7YWUJY,Zachary Smith,Admin,Supervisor,SITE_64EZ8G
EMP_Q1OSJ3,Donna Decker,HR,Manager,SITE_ZXBM5A
EMP_715CG6,Robert Villegas,IT,Manager,SITE_64EZ8G
EMP_NEIORR,Mallory Rodriguez,Ops,Supervisor,SITE_64EZ8G
EMP_5VUPZ7,Barbara Burnett,Admin,Staff,SITE_QI2PQF
