zone_id,site_id,zone_name,zone_type
ZN_8JNM83,SITE_QI2PQF,Storage,Storage
ZN_QAD86T,SITE_QI2PQF,Prep,Prep
ZN_AZWM6J,SITE_QI2PQF,Cooking,Cooking
ZN_YVYY60,SITE_QI2PQF,Plate_Return,Plate_Return
ZN_UWOGUF,SITE_64EZ8G,Storage,Storage
ZN_ELD5BX,SITE_64EZ8G,Prep,Prep
ZN_8Q7S3S,SITE_64EZ8G,Cooking,Cooking
ZN_X162HH,SITE_64EZ8G,Plate_Return,Plate_Return
ZN_OO8W2B,SITE_ZXBM5A,Storage,Storage
ZN_08WS60,SITE_ZXBM5A,Prep,Prep
ZN_Y4TD6D,SITE_ZXBM5A,Cooking,Cooking
ZN_2JU2HK,SITE_ZXBM5A,Plate_Return,Plate_Return
