menu_item_id,menu_name,category,standard_cost,veg_flag,shelf_life_days
MENU_PFZ262,Burger,Breakfast,91,0,4
MENU_IMJUYK,Idli,Dinner,138,1,4
MENU_DZJSIH,Pizza,Breakfast,48,0,2
MENU_6KVN0W,Meals,Dinner,24,1,3
MENU_P6N7JQ,Burger,Breakfast,177,0,4
MENU_C6CHBD,Pizza,Snacks,49,0,2
MENU_Z0T78E,Pizza,Breakfast,20,0,1
MENU_ZUABOX,Pasta,Dinner,89,0,1
MENU_OVFAD0,Idli,Dinner,154,0,2
MENU_S1O2PN,Dosa,Snacks,162,1,4
MENU_7XJP44,Pasta,Snacks,94,1,3
MENU_U4PXS2,Pizza,Lunch,194,0,4
MENU_WHYZLN,Burger,Snacks,134,0,3
MENU_IFX9W1,Pizza,Lunch,35,0,4
MENU_UMU8YL,Pasta,Lunch,168,0,1
MENU_98F2T4,Rice,Breakfast,47,1,3
MENU_RDR542,Meals,Dinner,117,0,2
MENU_0HDQ1H,Pizza,Lunch,94,0,3
MENU_N4PWXN,Meals,Dinner,160,1,1
MENU_UBQFJ1,Dosa,Snacks,165,0,1
MENU_Y8BQG7,Idli,Dinner,20,0,3
MENU_T1QXM6,Rice,Snacks,32,0,1
MENU_9USLD5,Meals,Breakfast,140,0,3
MENU_C10S3Z,Dosa,Dinner,110,0,2
MENU_YRARXM,Pasta,Breakfast,48,0,1
MENU_2R35NG,Pasta,Snacks,116,0,1
MENU_BRX3T9,Pasta,Lunch,145,0,1
MENU_RBIXGK,Rice,Dinner,132,1,2
MENU_H5G17G,Dosa,Snacks,46,0,4
MENU_OADAHH,Burger,Lunch,37,0,1
